{
    "avg_prec": 0.5571878634571171,
    "roc_auc": 0.9709191403999231
}